EŐV̑I,,1117,,,,,,
t,s,R[h,,nl,l,l,Il,o
,,,,,,,,        
2013/4/3,P,1200,ABC,264,265,263,263,96000
2013/4/4,P,1200,ABC,1563,1574,1560,1562,230380
2013/4/5,P,1200,ABC,1542,1554,1540,1542,2938740
2013/4/6,P,1200,ABC,1526,1537,1524,1527,629100
2013/4/7,P,1200,ABC,32850,33000,32350,32600,2050
2013/4/8,P,1200,ABC,727,734,727,731,3150
2013/4/9,P,1200,ABC,754,758,751,755,2880
2013/4/10,P,1200,ABC,17280,17280,17250,17250,21
2013/4/11,P,1200,ABC,2608,2608,2608,2608,140
2013/4/12,P,1200,ABC,282,286,282,283,22000
2013/4/13,P,1200,ABC,18720,18840,18690,18710,78177
2013/4/14,P,1200,ABC,18730,18850,18680,18730,322848
2013/4/15,P,1200,ABC,4445,4485,4415,4420,1200
2013/4/16,P,1200,ABC,356,360,356,359,500
2013/4/17,P,1200,ABC,102,103,102,102,198400
2013/4/18,P,1200,ABC,124,124,123,123,41900
2013/4/19,P,1200,ABC,13470,13500,13420,13420,4122
2013/4/20,P,1200,ABC,3730,3730,3730,3730,2
2013/4/21,P,1200,ABC,3795,3805,3790,3790,1440
2013/4/22,P,1200,ABC,18800,18910,18770,18820,20204
2013/4/23,P,1200,ABC,18790,18900,18740,18780,76930
2013/4/24,P,1200,ABC,373,378,372,376,1525300
2013/4/25,P,1200,ABC,1729,1731,1713,1715,123600
2013/4/26,P,1200,ABC,1778,1814,1778,1810,56460
2013/4/27,P,1200,ABC,714,720,713,714,1570
2013/4/28,P,1200,ABC,1680,1726,1678,1715,295200
2013/4/29,P,1200,ABC,18810,18920,18770,18810,39677
2013/4/30,P,1200,ABC,1544,1555,1542,1545,95600
2013/5/1,P,1200,ABC,13800,13800,13700,13700,64
2013/5/2,P,1200,ABC,128,130,128,129,40000
2013/5/3,P,1200,ABC,5120,5140,5040,5130,89380
2013/5/4,P,1200,ABC,3000,3015,2960,3010,5834505
2013/5/5,P,1200,ABC,13250,13420,13200,13250,8680
2013/5/6,P,1200,ABC,7110,7150,7020,7120,213430
2013/5/7,P,1200,ABC,12280,12490,12280,12430,145
2013/5/8,P,1200,ABC,7620,7660,7590,7650,470
2013/5/9,P,1200,ABC,24050,24080,24050,24060,34
2013/5/10,P,1200,ABC,13600,13700,13600,13620,8719
2013/5/11,P,1200,ABC,10740,10870,10680,10720,105880
2013/5/12,P,1200,ABC,7780,7820,7680,7800,60120
2013/5/13,P,1200,ABC,11320,11490,11290,11340,41904
2013/5/14,P,1200,ABC,7490,7520,7380,7480,10453
2013/5/15,P,1200,ABC,18370,18530,18370,18370,676
2013/5/16,P,1200,ABC,1186,1186,1165,1165,3800
2013/5/17,P,1200,ABC,2390,2422,2370,2411,197400
2013/5/18,P,1200,ABC,2456,2460,2340,2354,142700
2013/5/19,P,1200,ABC,519,519,519,519,1000
2013/5/20,P,1200,ABC,2178,2178,2110,2110,300
2013/5/21,P,1200,ABC,1235,1236,1235,1236,400
2013/5/22,P,1200,ABC,827,831,800,802,46600
2013/5/23,P,1200,ABC,4400,4435,4400,4435,239
2013/5/24,P,1200,ABC,8210,8280,8130,8280,70
2013/5/25,P,1200,ABC,14890,14890,14890,14890,1
2013/5/26,P,1200,ABC,4450,4450,4450,4450,2
2013/5/27,P,1200,ABC,1999,2005,1959,1998,542
2013/5/28,P,1200,ABC,2990,2990,2990,2990,10
2013/5/29,P,1200,ABC,23060,23060,23060,23060,1
2013/5/30,P,1200,ABC,18680,18680,18680,18680,1
2013/5/31,P,1200,ABC,1700,1715,1686,1686,620
2013/6/1,P,1200,ABC,201,202,197,199,42600
2013/6/2,P,1200,ABC,1951,1951,1885,1920,2400
2013/6/3,P,1200,ABC,795,795,792,792,2600
2013/6/4,P,1200,ABC,730,730,710,717,160000
2013/6/5,P,1200,ABC,500,570,500,536,37800
2013/6/6,P,1200,ABC,1240,1240,1226,1232,7400
2013/6/7,P,1200,ABC,4830,4835,4725,4740,89600
2013/6/8,P,1200,ABC,1139,1149,1123,1127,177400
2013/6/9,P,1200,ABC,233,236,232,233,26300
2013/6/10,P,1200,ABC,450,452,448,448,92000
2013/6/11,P,1200,ABC,571,580,568,575,10200
2013/6/12,P,1200,ABC,380,380,378,379,22600
2013/6/13,P,1200,ABC,4440,4900,4285,4730,79100
2013/6/14,P,1200,ABC,9470,9620,8200,8640,616600
2013/6/15,P,1200,ABC,504,507,499,502,40800
2013/6/16,P,1200,ABC,10530,10530,10480,10480,1220
2013/6/17,P,1200,ABC,10350,10370,10350,10370,21
2013/6/18,P,1200,ABC,7870,7990,7850,7860,84104
2013/6/19,P,1200,ABC,11380,11450,11260,11410,39228
2013/6/20,P,1200,ABC,8880,9040,8880,8930,9418
2013/6/21,P,1200,ABC,10230,10230,10220,10220,1310
2013/6/22,P,1200,ABC,10270,10300,10130,10280,11614
2013/6/23,P,1200,ABC,8890,9040,8890,8920,9900
2013/6/24,P,1200,ABC,10210,10240,10210,10240,1170
2013/6/25,P,1200,ABC,10280,10300,10120,10290,2160
2013/6/26,P,1200,ABC,17940,18220,17930,17990,12757
2013/6/27,P,1200,ABC,6630,6630,6630,6630,30
2013/6/28,P,1200,ABC,4090,4100,4025,4095,1516
2013/6/29,P,1200,ABC,1515,1515,1513,1513,20
2013/6/30,P,1200,ABC,13550,13550,13550,13550,80
2013/7/1,P,1200,ABC,26,27,26,26,168000
2013/7/2,P,1200,ABC,118,120,118,119,201500
2013/7/3,P,1200,ABC,550,558,545,545,88000
2013/7/4,P,1200,ABC,121,122,121,121,318000
2013/7/5,P,1200,ABC,4420,4420,4390,4400,31207
2013/7/6,P,1200,ABC,3700,3730,3700,3725,13690
2013/7/7,P,1200,ABC,5950,5950,5890,5920,4592
2013/7/8,P,1200,ABC,25760,25760,25500,25750,18
2013/7/9,P,1200,ABC,5300,5340,5300,5330,960
2013/7/10,P,1200,ABC,20010,20050,20000,20050,2219
2013/7/11,P,1200,ABC,2620,2625,2606,2606,6660
2013/7/12,P,1200,ABC,1267,1293,1267,1293,1230
2013/7/13,P,1200,ABC,1397,1397,1385,1385,1610
2013/7/14,P,1200,ABC,2010,2013,2004,2013,4380
2013/7/15,P,1200,ABC,3960,3965,3930,3950,200
2013/7/16,P,1200,ABC,589,606,586,593,1487283
2013/7/17,P,1200,ABC,2615,2615,2609,2610,40
2013/7/18,P,1200,ABC,1783,1784,1774,1784,3780
2013/7/19,P,1200,ABC,1490,1495,1486,1494,520
2013/7/20,P,1200,ABC,24160,24160,24080,24130,1163
2013/7/21,P,1200,ABC,2926,2959,2926,2955,110
2013/7/22,P,1200,ABC,4800,4800,4785,4800,106
2013/7/23,P,1200,ABC,32950,33350,32950,33350,46
2013/7/24,P,1200,ABC,3535,3535,3500,3500,2603
2013/7/25,P,1200,ABC,15900,16000,15900,16000,4
2013/7/26,P,1200,ABC,57200,57200,56900,57100,71
2013/7/27,P,1200,ABC,1170,1170,1170,1170,10
2013/7/28,P,1200,ABC,14560,14770,14510,14560,284840
2013/7/29,P,1200,ABC,4355,4360,4320,4350,11870
2013/7/30,P,1200,ABC,14070,14250,13990,14050,11505224
2013/7/31,P,1200,ABC,2422,2426,2404,2422,191183
2013/8/1,P,1200,ABC,12930,13000,12700,12890,7320
2013/8/2,P,1200,ABC,11030,11190,11020,11110,3350
2013/8/3,P,1200,ABC,652,660,649,649,680
2013/8/4,P,1200,ABC,560,572,559,564,1900
2013/8/5,P,1200,ABC,22010,22200,22000,22040,760
2013/8/6,P,1200,ABC,1487,1496,1479,1496,382
2013/8/7,P,1200,ABC,14700,14920,14640,14690,784010
2013/8/8,P,1200,ABC,6490,6500,6440,6490,13480
2013/8/9,P,1200,ABC,6380,6390,6290,6360,419
2013/8/10,P,1200,ABC,5240,5260,5160,5230,619
2013/8/11,P,1200,ABC,3225,3245,3205,3225,1135
2013/8/12,P,1200,ABC,573,573,573,573,260
2013/8/13,P,1200,ABC,1267,1274,1252,1252,55
2013/8/14,P,1200,ABC,10640,11190,10640,10700,68
2013/8/15,P,1200,ABC,14000,14000,14000,14000,1
2013/8/16,P,1200,ABC,8750,8790,8720,8790,171
2013/8/17,P,1200,ABC,8930,9000,8930,8970,113
2013/8/18,P,1200,ABC,13470,13580,13460,13500,59799
2013/8/19,P,1200,ABC,1230,1242,1230,1232,9419
2013/8/20,P,1200,ABC,13690,13800,13690,13710,7197
2013/8/21,P,1200,ABC,1695,1700,1694,1700,460
2013/8/22,P,1200,ABC,1688,1722,1688,1713,5680
2013/8/23,P,1200,ABC,17480,17480,17480,17480,1
2013/8/24,P,1200,ABC,13620,13710,13620,13640,1916
2013/8/25,P,1200,ABC,1212,1219,1190.5,1204,4574300
2013/8/26,P,1200,ABC,2804,2847,2776,2778,35800
2013/8/27,P,1200,ABC,197,199,196,198,6300
2013/8/28,P,1200,ABC,212,216,212,214,472600
2013/8/29,P,1200,ABC,27660,27710,27660,27660,23
2013/8/30,P,1200,ABC,11190,11380,11190,11380,23
2013/8/31,P,1200,ABC,20630,20630,20450,20450,56
2013/9/1,P,1200,ABC,18290,18320,18290,18320,15
2013/9/2,P,1200,ABC,19200,19500,19200,19320,337
2013/9/3,P,1200,ABC,23100,23510,23100,23400,172
2013/9/4,P,1200,ABC,19880,19880,19880,19880,2
2013/9/5,P,1200,ABC,27300,27300,27250,27250,21
2013/9/6,P,1200,ABC,14450,14450,14290,14290,30
2013/9/7,P,1200,ABC,16910,16910,16910,16910,10
2013/9/8,P,1200,ABC,9060,9170,9060,9170,123
2013/9/9,P,1200,ABC,17350,17570,17330,17330,91
2013/9/10,P,1200,ABC,25950,26290,25950,26070,35
2013/9/11,P,1200,ABC,19010,19090,18980,18980,18
2013/9/12,P,1200,ABC,12360,12550,12360,12460,47
2013/9/13,P,1200,ABC,12850,13080,12850,12960,18
2013/9/14,P,1200,ABC,32700,33900,32700,33350,110
2013/9/15,P,1200,ABC,19780,19850,19780,19850,14
2013/9/16,P,1200,ABC,9200,9200,9140,9140,13
2013/9/17,P,1200,ABC,35450,35450,35450,35450,1
2013/9/18,P,1200,ABC,3690,3735,3670,3700,169000
2013/9/19,P,1200,ABC,1597,1597,1524,1525,18800
2013/9/20,P,1200,ABC,139,141,139,140,900
2013/9/21,P,1200,ABC,3190,3210,3190,3210,65847
2013/9/22,P,1200,ABC,1750,1750,1750,1750,10
2013/9/23,P,1200,ABC,10010,10010,10010,10010,1
2013/9/24,P,1200,ABC,57800,58000,57800,57800,40
2013/9/25,P,1200,ABC,138,139,137,138,77600
2013/9/26,P,1200,ABC,19180,19350,19180,19240,120
2013/9/27,P,1200,ABC,2083,2085,2071,2085,5540
2013/9/28,P,1200,ABC,1309,1312,1287,1302,4570
2013/9/29,P,1200,ABC,206,208,205,205,5200
2013/9/30,P,1200,ABC,8,8,8,8,300
2013/10/1,P,1200,ABC,1313,1313,1313,1313,10
2013/10/2,P,1200,ABC,140,143,140,140,4100
2013/10/3,P,1200,ABC,1645,1653,1582,1626,2070
2013/10/4,P,1200,ABC,516,520,516,520,381300
2013/10/5,P,1200,ABC,620,655,609,634,13500
2013/10/6,P,1200,ABC,1373,1378,1338,1357,38000
2013/10/7,P,1200,ABC,878,885,873,880,2000
2013/10/8,P,1200,ABC,349,353,349,349,47500
2013/10/9,P,1200,ABC,447,452,437,444,74000
2013/10/10,P,1200,ABC,814,820,792,793,1395600
2013/10/11,P,1200,ABC,1003,1013,975,976,1052500
2013/10/12,P,1200,ABC,1578,1582,1561,1573,427900
2013/10/13,P,1200,ABC,750,761,749,757,194900
2013/10/14,P,1200,ABC,1050,1056,1049,1050,9900
2013/10/15,P,1200,ABC,313,332,313,332,10000
2013/10/16,P,1200,ABC,304,304,303,304,4900
2013/10/17,P,1200,ABC,219,219,219,219,2000
2013/10/18,P,1200,ABC,855,855,848,848,600
2013/10/19,P,1200,ABC,381,383,381,383,2000
2013/10/20,P,1200,ABC,1565,1580,1496,1506,23800
2013/10/21,P,1200,ABC,240,240,240,240,1000
2013/10/22,P,1200,ABC,44,48,44,47,578900
2013/10/23,P,1200,ABC,740,749,740,749,2000
2013/10/24,P,1200,ABC,2495,2526,2469,2482,17200
2013/10/25,P,1200,ABC,207,207,207,207,18000
2013/10/26,P,1200,ABC,9430,9480,9100,9130,40100
2013/10/27,P,1200,ABC,570,573,568,568,2100
2013/10/28,P,1200,ABC,493,493,493,493,3000
2013/10/29,P,1200,ABC,51,51,49,50,11000
2013/10/30,P,1200,ABC,281,294,281,294,20000
2013/10/31,P,1200,ABC,235,235,235,235,4000
2013/11/1,P,1200,ABC,290,290,290,290,4000
2013/11/2,P,1200,ABC,499,503,494,496,15000
2013/11/3,P,1200,ABC,530,539,530,534,19000
2013/11/4,P,1200,ABC,71,75,71,72,304900
2013/11/5,P,1200,ABC,1100,1100,1100,1100,3000
2013/11/6,P,1200,ABC,158,158,153,153,10000
2013/11/7,P,1200,ABC,371,373,361,370,7900
2013/11/8,P,1200,ABC,924,924,924,924,3000
2013/11/9,P,1200,ABC,442,442,434,434,2000
2013/11/10,P,1200,ABC,236,237,236,237,3000
2013/11/11,P,1200,ABC,1160,1163,1159,1160,19100
2013/11/12,P,1200,ABC,816,823,789,795,9967000
2013/11/13,P,1200,ABC,1101,1114,1073,1079,7035000
2013/11/14,P,1200,ABC,1061,1069,1044,1046,3367000
2013/11/15,P,1200,ABC,233,235,223,225,5821900
2013/11/16,P,1200,ABC,290,290,288,289,4000
2013/11/17,P,1200,ABC,1413,1427,1356,1366,4333100
2013/11/18,P,1200,ABC,688,688,676,683,37800
2013/11/19,P,1200,ABC,696,697,660,684,1966000
2013/11/20,P,1200,ABC,695,703,691,695,7619000
2013/11/21,P,1200,ABC,165,167,162,162,2497000
2013/11/22,P,1200,ABC,817,823,810,817,26200
2013/11/23,P,1200,ABC,335,338,327,328,833000
2013/11/24,P,1200,ABC,514,528,503,504,5222000
2013/11/25,P,1200,ABC,131,133,128,131,69832600
2013/11/26,P,1200,ABC,550,558,525,527,2031000
2013/11/27,P,1200,ABC,930,936,906,910,1434000
2013/11/28,P,1200,ABC,569,576,561,564,19000
2013/11/29,P,1200,ABC,779,779,757,765,65300
2013/11/30,P,1200,ABC,930,931,917,917,1900
2013/12/1,P,1200,ABC,666,666,639,643,527000
2013/12/2,P,1200,ABC,2652,2652,2596,2611,77100
2013/12/3,P,1200,ABC,201,203,200,201,33200
2013/12/4,P,1200,ABC,885,885,863,864,1500
2013/12/5,P,1200,ABC,34,34,33,34,558500
2013/12/6,P,1200,ABC,242,242,240,242,14000
2013/12/7,P,1200,ABC,439,445,428,433,133000
2013/12/8,P,1200,ABC,244,250,244,250,7000
2013/12/9,P,1200,ABC,64,65,63,64,117000
2013/12/10,P,1200,ABC,331,336,318,322,4565000
2013/12/11,P,1200,ABC,164,169,162,166,65000
2013/12/12,P,1200,ABC,585,588,564,565,1142000
2013/12/13,P,1200,ABC,405,411,389,392,13682000
2013/12/14,P,1200,ABC,895,895,860,874,22300
2013/12/15,P,1200,ABC,327,327,320,320,33000
2013/12/16,P,1200,ABC,245,252,245,248,23000
2013/12/17,P,1200,ABC,582,582,561,580,216000
2013/12/18,P,1200,ABC,851,860,835,835,11400
2013/12/19,P,1200,ABC,1118,1155,1107,1111,182100
2013/12/20,P,1200,ABC,403,407,402,406,65400
2013/12/21,P,1200,ABC,517,517,510,515,424500
2013/12/22,P,1200,ABC,12965,13075,12920,12965,216200
2013/12/23,P,1200,ABC,609,609,591,594,113400
2013/12/24,P,1200,ABC,2175,2179,2117,2120,220000
2013/12/25,P,1200,ABC,481,484,476,477,136000
2013/12/26,P,1200,ABC,2220,2240,2170,2183,192000
2013/12/27,P,1200,ABC,683,686,664,664,260000
2013/12/28,P,1200,ABC,300,303,293,294,1071000
2013/12/29,P,1200,ABC,158,159,155,155,943000
2013/12/30,P,1200,ABC,554,561,542,545,556400
2013/12/31,P,1200,ABC,183,183,174,174,11000
2014/1/1,P,1200,ABC,581,584,568,570,2472000
2014/1/2,P,1200,ABC,863,879,853,863,414000
2014/1/3,P,1200,ABC,420,420,418,418,13000
2014/1/4,P,1200,ABC,609,611,595,599,282300
2014/1/5,P,1200,ABC,1250,1278,1205,1209,229000
2014/1/6,P,1200,ABC,487,487,487,487,4000
2014/1/7,P,1200,ABC,770,790,770,773,12000
2014/1/8,P,1200,ABC,128,129,126,128,9300
2014/1/9,P,1200,ABC,2228,2230,2189,2197,2300
2014/1/10,P,1200,ABC,1443,1456,1429,1439,693200
2014/1/11,P,1200,ABC,575,583,548,548,229900
2014/1/12,P,1200,ABC,381,382,377,378,447000
2014/1/13,P,1200,ABC,89,91,89,90,1151000
2014/1/14,P,1200,ABC,367,371,366,367,24000
2014/1/15,P,1200,ABC,818,830,815,818,326000
2014/1/16,P,1200,ABC,3078,3146,3075,3106,2648900
2014/1/17,P,1200,ABC,1220,1235,1180,1183,574000
2014/1/18,P,1200,ABC,1993,2012.5,1942.5,1951,5127900
2014/1/19,P,1200,ABC,575,580,554,561,415600
2014/1/20,P,1200,ABC,1119,1144,1115,1118,39000
2014/1/21,P,1200,ABC,308,308,306,306,8000
2014/1/22,P,1200,ABC,1139,1176,1139,1168,184000
2014/1/23,P,1200,ABC,457,460,457,457,17000
2014/1/24,P,1200,ABC,445,445,443,445,1700
2014/1/25,P,1200,ABC,425,426,421,425,27000
2014/1/26,P,1200,ABC,850,850,850,850,1000
2014/1/27,P,1200,ABC,415,420,415,420,11000
2014/1/28,P,1200,ABC,2558,2575,2520,2526,69500
2014/1/29,P,1200,ABC,863,869,838,841,352000
2014/1/30,P,1200,ABC,1585,1591,1562,1563,332100
2014/1/31,P,1200,ABC,1029,1079,1015,1071,211000
2014/2/1,P,1200,ABC,892,907,888,897,193000
2014/2/2,P,1200,ABC,240,243,239,239,9000
2014/2/3,P,1200,ABC,1506,1520,1497,1507,14200
2014/2/4,P,1200,ABC,2266,2293,2165,2169,94400
2014/2/5,P,1200,ABC,1267,1270,1248,1260,497800
2014/2/6,P,1200,ABC,1000,1010,999,1008,32600
2014/2/7,P,1200,ABC,489,489,474,474,108000
2014/2/8,P,1200,ABC,302,302,298,300,37000
2014/2/9,P,1200,ABC,2090,2100,2052,2058,202000
2014/2/10,P,1200,ABC,570,570,570,570,1000
2014/2/11,P,1200,ABC,920,925,886,889,64500
2014/2/12,P,1200,ABC,1855,1884.5,1855,1860,1757000
2014/2/13,P,1200,ABC,231,232,227,227,57000
2014/2/14,P,1200,ABC,695,705,691,705,10800
2014/2/15,P,1200,ABC,647,650,643,643,5800
2014/2/16,P,1200,ABC,436,449,436,449,23500
2014/2/17,P,1200,ABC,1267,1285,1258,1263,87000
2014/2/18,P,1200,ABC,1777,1796,1728,1733,229400
2014/2/19,P,1200,ABC,140,142,137,139,65000
2014/2/20,P,1200,ABC,275,279,272,277,680000
2014/2/21,P,1200,ABC,2361,2361,2305,2309,60900
2014/2/22,P,1200,ABC,441,445,441,445,31000
2014/2/23,P,1200,ABC,559,564,547,547,132400
2014/2/24,P,1200,ABC,2941,2953,2878,2883,126600
2014/2/25,P,1200,ABC,870,870,860,865,13000
2014/2/26,P,1200,ABC,1483,1483,1434,1441,31800
2014/2/27,P,1200,ABC,1321,1337,1310,1317,188700
2014/2/28,P,1200,ABC,275,275,275,275,1000
2014/3/1,P,1200,ABC,311,312,307,312,1200
2014/3/2,P,1200,ABC,158,162,157,158,9000
2014/3/3,P,1200,ABC,853,860,843,853,3200
2014/3/4,P,1200,ABC,2026,2060,2024,2025,11000
2014/3/5,P,1200,ABC,730,740,728,734,245000
2014/3/6,P,1200,ABC,1704,1707,1684,1692,540000
2014/3/7,P,1200,ABC,336,339,336,339,11000
2014/3/8,P,1200,ABC,452,452,446,449,83000
2014/3/9,P,1200,ABC,105,105,104,105,13000
2014/3/10,P,1200,ABC,1821,1826,1809,1821,8900
2014/3/11,P,1200,ABC,312,312,312,312,1000
2014/3/12,P,1200,ABC,769,775,768,771,12300
2014/3/13,P,1200,ABC,1696,1696,1645,1645,152
2014/3/14,P,1200,ABC,95,97,94,96,501780
2014/3/15,P,1200,ABC,10840,11110,10840,11010,3536
2014/3/16,P,1200,ABC,10620,10620,10450,10490,83
2014/3/17,P,1200,ABC,9790,9790,9750,9750,21
2014/3/18,P,1200,ABC,13400,13400,13370,13370,30
2014/3/19,P,1200,ABC,30450,31900,30400,31400,318
2014/3/20,P,1200,ABC,9890,9920,9820,9820,376
2014/3/21,P,1200,ABC,8980,9000,8920,8980,190
2014/3/22,P,1200,ABC,2561,2579,2547,2579,385094
2014/3/23,P,1200,ABC,13660,13710,13630,13660,3186
2014/3/24,P,1200,ABC,11740,11740,11660,11670,5750
2014/3/25,P,1200,ABC,8210,8240,8210,8220,1884
2014/3/26,P,1200,ABC,8940,8980,8880,8880,7161
2014/3/27,P,1200,ABC,10490,10490,10490,10490,15
2014/3/28,P,1200,ABC,10250,10300,10240,10240,4902
2014/3/29,P,1200,ABC,9440,9440,9440,9440,2
2014/3/30,P,1200,ABC,8450,8480,8350,8360,2177
2014/3/31,P,1200,ABC,10170,10170,10170,10170,1
2014/4/1,P,1200,ABC,9820,9860,9770,9800,2565
2014/4/2,P,1200,ABC,9210,9230,9160,9170,146541
2014/4/3,P,1200,ABC,1094,1098,1084,1093,24800
2014/4/4,P,1200,ABC,255,257,243,250,148000
2014/4/5,P,1200,ABC,142,143,140,141,451000
2014/4/6,P,1200,ABC,112,113,112,112,40000
2014/4/7,P,1200,ABC,192,193,191,191,116000
2014/4/8,P,1200,ABC,486,487,482,485,173000
2014/4/9,P,1200,ABC,238,240,235,239,24000
2014/4/10,P,1200,ABC,405,408,404,405,2100
2014/4/11,P,1200,ABC,2805,2805,2779,2779,2900
2014/4/12,P,1200,ABC,940,998,936,972,884100
2014/4/13,P,1200,ABC,4360,4415,4325,4325,1020600
2014/4/14,P,1200,ABC,731,731,731,731,100
2014/4/15,P,1200,ABC,821,830,806,807,114200
2014/4/16,P,1200,ABC,5230,5230,5060,5080,335300
2014/4/17,P,1200,ABC,889,889,877,881,12000
2014/4/18,P,1200,ABC,417,439,417,420,19500
2014/4/19,P,1200,ABC,1103,1104,1080,1083,417200
2014/4/20,P,1200,ABC,243,243,238,241,20000
2014/4/21,P,1200,ABC,119,122,118,120,181100
2014/4/22,P,1200,ABC,519,519,506,506,4400
2014/4/23,P,1200,ABC,3190,3255,3150,3200,1273100
2014/4/24,P,1200,ABC,680,680,665,665,5400
2014/4/25,P,1200,ABC,295,296,292,292,6600
2014/4/26,P,1200,ABC,1361,1400,1361,1368,1400
2014/4/27,P,1200,ABC,705,705,685,685,31800
2014/4/28,P,1200,ABC,2515,2524,2390,2420,24400
2014/4/29,P,1200,ABC,782,859,782,783,10900
2014/4/30,P,1200,ABC,1234,1259,1219,1223,115900
2014/5/1,P,1200,ABC,701,701,698,701,1100
2014/5/2,P,1200,ABC,997,1000,990,991,2300
2014/5/3,P,1200,ABC,2209,2209,2177,2179,4700
2014/5/4,P,1200,ABC,279,289,274,275,6600
2014/5/5,P,1200,ABC,2234,2235,2145,2145,50300
2014/5/6,P,1200,ABC,825,833,785,790,516700
2014/5/7,P,1200,ABC,508,509,495,506,46600
2014/5/8,P,1200,ABC,205,207,203,203,316000
2014/5/9,P,1200,ABC,976,976,943,943,59400
2014/5/10,P,1200,ABC,1150,1200,1150,1190,900
2014/5/11,P,1200,ABC,446,465,446,460,15500
2014/5/12,P,1200,ABC,952,967,930,930,155200
2014/5/13,P,1200,ABC,958,958,942,951,4500
2014/5/14,P,1200,ABC,130,132,130,132,202200
2014/5/15,P,1200,ABC,488,490,488,490,1300
2014/5/16,P,1200,ABC,1482,1540,1465,1482,227500
2014/5/17,P,1200,ABC,2266,2422,2262,2310,306600
2014/5/18,P,1200,ABC,705,712,693,708,13100
2014/5/19,P,1200,ABC,2080,2109,2061,2091,14000
2014/5/20,P,1200,ABC,870,870,867,869,1000
2014/5/21,P,1200,ABC,958,958,955,955,300
2014/5/22,P,1200,ABC,5510,5570,5290,5300,391700
2014/5/23,P,1200,ABC,1620,1620,1558,1573,42500
2014/5/24,P,1200,ABC,3115,3175,3115,3175,800
2014/5/25,P,1200,ABC,1210,1210,1202,1202,3900
2014/5/26,P,1200,ABC,826,844,826,835,29600
2014/5/27,P,1200,ABC,2505,2540,2444,2445,563500
2014/5/28,P,1200,ABC,779,779,779,779,600
2014/5/29,P,1200,ABC,959,972,939,953,58200
2014/5/30,P,1200,ABC,558,569,553,559,21700
2014/5/31,P,1200,ABC,579,579,560,561,1712000
2014/6/1,P,1200,ABC,455,455,452,454,18000
2014/6/2,P,1200,ABC,5360,5360,5240,5270,269100
2014/6/3,P,1200,ABC,1317,1324,1310,1313,7100
2014/6/4,P,1200,ABC,640,644,640,644,5000
2014/6/5,P,1200,ABC,194,197,194,195,589000
2014/6/6,P,1200,ABC,1963,1997,1937,1979,837000
2014/6/7,P,1200,ABC,117,118,116,118,72000
2014/6/8,P,1200,ABC,471,472,471,472,8000
2014/6/9,P,1200,ABC,410,414,403,409,47000
2014/6/10,P,1200,ABC,4770,4860,4735,4760,21000
2014/6/11,P,1200,ABC,6270,6310,6250,6250,3800
2014/6/12,P,1200,ABC,3905,3945,3880,3925,9000
2014/6/13,P,1200,ABC,2250,2252,2238,2239,5300
2014/6/14,P,1200,ABC,2980,2980,2972,2972,600
2014/6/15,P,1200,ABC,2925,2942,2925,2940,1000
2014/6/16,P,1200,ABC,3895,3910,3850,3885,614700
2014/6/17,P,1200,ABC,478,481,470,472,686000
2014/6/18,P,1200,ABC,1767,1770,1726,1732,43300
2014/6/19,P,1200,ABC,6060,6110,6000,6040,323200
2014/6/20,P,1200,ABC,4215,4215,4215,4215,300
2014/6/21,P,1200,ABC,8900,8950,8750,8790,475800
2014/6/22,P,1200,ABC,2226,2239,2179,2185,268700
2014/6/23,P,1200,ABC,333,335,330,331,871000
2014/6/24,P,1200,ABC,2460,2492,2430,2479,785000
2014/6/25,P,1200,ABC,625,627,618,621,612000
2014/6/26,P,1200,ABC,134,134,131,132,819000
2014/6/27,P,1200,ABC,449,453,440,440,266000
2014/6/28,P,1200,ABC,2232,2252,2215,2229,42300
2014/6/29,P,1200,ABC,411,411,406,411,5000
2014/6/30,P,1200,ABC,2181,2181,2107,2116,152500
2014/7/1,P,1200,ABC,476,476,466,466,9000
2014/7/2,P,1200,ABC,1878,1890,1877,1888,8600
2014/7/3,P,1200,ABC,590,595,589,591,5800
2014/7/4,P,1200,ABC,1099,1112,1089,1093,25900
2014/7/5,P,1200,ABC,734,744,732,734,3400
2014/7/6,P,1200,ABC,486,489,481,486,3400
2014/7/7,P,1200,ABC,2379,2379,2321,2325,30200
2014/7/8,P,1200,ABC,432,432,423,430,4200
2014/7/9,P,1200,ABC,1672,1685,1659,1662,32700
2014/7/10,P,1200,ABC,1614,1614,1589,1610,1600
2014/7/11,P,1200,ABC,36,37,36,37,112100
2014/7/12,P,1200,ABC,1170,1178,1136,1152,44600
2014/7/13,P,1200,ABC,402,406,387,390,918800
2014/7/14,P,1200,ABC,465,474,460,460,74400
2014/7/15,P,1200,ABC,1411,1411,1401,1404,3000
2014/7/16,P,1200,ABC,2270,2300,2200,2218,186400
2014/7/17,P,1200,ABC,5130,5210,4975,5020,149400
2014/7/18,P,1200,ABC,880,881,872,877,1100
2014/7/19,P,1200,ABC,214,224,211,220,567600
2014/7/20,P,1200,ABC,5550,5560,5460,5490,384800
2014/7/21,P,1200,ABC,574,575,570,572,7600
2014/7/22,P,1200,ABC,313,320,313,316,4542400
2014/7/23,P,1200,ABC,465,478,456,459,65600
2014/7/24,P,1200,ABC,619,631,613,631,118400
2014/7/25,P,1200,ABC,246,252,244,248,49200
2014/7/26,P,1200,ABC,852,864,801,807,1479200
2014/7/27,P,1200,ABC,655,655,650,653,13400
2014/7/28,P,1200,ABC,720,733,720,732,2800
2014/7/29,P,1200,ABC,2655,2740,2600,2620,11000
2014/7/30,P,1200,ABC,488,493,473,483,24300
2014/7/31,P,1200,ABC,1155,1167,1130,1132,2500
2014/8/1,P,1200,ABC,135,141,135,137,2859700
2014/8/2,P,1200,ABC,239,239,230,232,10500
2014/8/3,P,1200,ABC,820,820,810,816,4500
2014/8/4,P,1200,ABC,721,726,707,707,324300
2014/8/5,P,1200,ABC,163,166,161,161,83200
2014/8/6,P,1200,ABC,171,174,170,170,324400
2014/8/7,P,1200,ABC,2073,2155,2059,2103,3034800
2014/8/8,P,1200,ABC,1439,1442,1412,1413,35400
2014/8/9,P,1200,ABC,2330,2361,2330,2336,1900
2014/8/10,P,1200,ABC,1181,1181,1169,1170,1500
2014/8/11,P,1200,ABC,406,412,406,412,2300
2014/8/12,P,1200,ABC,1074,1104,1074,1094,800
2014/8/13,P,1200,ABC,1242,1242,1221,1235,17400
2014/8/14,P,1200,ABC,2250,2280,2138,2222,554900
2014/8/15,P,1200,ABC,1076,1088,1045,1053,93100
2014/8/16,P,1200,ABC,194,195,190,193,39700
2014/8/17,P,1200,ABC,403,417,402,413,184600
2014/8/18,P,1200,ABC,638,643,619,643,39600
2014/8/19,P,1200,ABC,1435,1435,1434,1434,400
2014/8/20,P,1200,ABC,652,660,652,653,1500
2014/8/21,P,1200,ABC,549,553,522,529,1568100
2014/8/22,P,1200,ABC,680,680,656,666,12700
2014/8/23,P,1200,ABC,1280,1283,1230,1230,187100
2014/8/24,P,1200,ABC,459,462,451,458,57700
2014/8/25,P,1200,ABC,2730,2761,2683,2761,217600
2014/8/26,P,1200,ABC,876,880,876,880,500
2014/8/27,P,1200,ABC,502,505,495,496,30800
2014/8/28,P,1200,ABC,587,604,587,597,6500
2014/8/29,P,1200,ABC,703,704,695,695,2400
2014/8/30,P,1200,ABC,588,588,580,585,3400
2014/8/31,P,1200,ABC,1148,1148,1126,1140,23000
2014/9/1,P,1200,ABC,635,639,630,630,9700
2014/9/2,P,1200,ABC,2028,2088,2013,2041,54000
2014/9/3,P,1200,ABC,2409,2409,2363,2370,941600
2014/9/4,P,1200,ABC,821,821,821,821,100
2014/9/5,P,1200,ABC,889,890,863,867,4800
2014/9/6,P,1200,ABC,769,770,758,762,12400
2014/9/7,P,1200,ABC,613,622,613,620,800
2014/9/8,P,1200,ABC,2385,2385,2282,2291,289400
2014/9/9,P,1200,ABC,2341,2341,2301,2310,30200
2014/9/10,P,1200,ABC,1660,1680,1643,1663,51300
2014/9/11,P,1200,ABC,2262,2311,2244,2300,2391800
2014/9/12,P,1200,ABC,1200,1209,1168,1174,1617600
2014/9/13,P,1200,ABC,276,283,272,278,189600
2014/9/14,P,1200,ABC,665,665,645,654,600
2014/9/15,P,1200,ABC,298,322,293,303,19500
2014/9/16,P,1200,ABC,2074,2092,2029,2048,154400
2014/9/17,P,1200,ABC,2155,2177,2109,2129,221500
2014/9/18,P,1200,ABC,621,631,610,611,27800
2014/9/19,P,1200,ABC,1050,1050,1033,1038,2900
2014/9/20,P,1200,ABC,2570,2590,2472,2487,131300
2014/9/21,P,1200,ABC,232,233,229,231,55400
2014/9/22,P,1200,ABC,599,620,599,615,21100
2014/9/23,P,1200,ABC,823,823,817,820,10600
2014/9/24,P,1200,ABC,270,281,268,276,21500
2014/9/25,P,1200,ABC,854,890,848,879,869100
2014/9/26,P,1200,ABC,1197,1245,1197,1233,141300
2014/9/27,P,1200,ABC,570,615,513,525,1369200
2014/9/28,P,1200,ABC,281,285,272,284,58200
2014/9/29,P,1200,ABC,546,558,533,540,161400
2014/9/30,P,1200,ABC,4330,4340,4175,4205,16600
2014/10/1,P,1200,ABC,723,740,723,730,4600
2014/10/2,P,1200,ABC,1305,1322,1250,1260,22000
2014/10/3,P,1200,ABC,878,892,878,886,3000
2014/10/4,P,1200,ABC,235,237,232,236,18900
2014/10/5,P,1200,ABC,1268,1305,1258,1301,4800
2014/10/6,P,1200,ABC,470,470,469,470,26900
2014/10/7,P,1200,ABC,4030,4030,3955,3965,4600
2014/10/8,P,1200,ABC,880,883,851,856,18000
2014/10/9,P,1200,ABC,732,748,732,746,48300
2014/10/10,P,1200,ABC,1650,1650,1650,1650,100
2014/10/11,P,1200,ABC,601,616,590,599,5900
2014/10/12,P,1200,ABC,805,819,798,802,110900
2014/10/13,P,1200,ABC,495,508,491,506,136900
2014/10/14,P,1200,ABC,1187,1217,1185,1198,343200
2014/10/15,P,1200,ABC,1827,1846,1824,1845,10000
2014/10/16,P,1200,ABC,1376,1395,1364,1391,65200
2014/10/17,P,1200,ABC,607,619,607,616,1800
2014/10/18,P,1200,ABC,276,281,276,278,22600
2014/10/19,P,1200,ABC,481,489,480,488,1562000
2014/10/20,P,1200,ABC,3700,3743,3658,3741,2526600
2014/10/21,P,1200,ABC,1651,1669.5,1635.5,1664,1990000
2014/10/22,P,1200,ABC,797,803,788,796,602300
2014/10/23,P,1200,ABC,218,218,215,216,176000
2014/10/24,P,1200,ABC,45,45,43,44,8891000
2014/10/25,P,1200,ABC,1900,1905,1882,1902,3100
2014/10/26,P,1200,ABC,558,558,558,558,2000
2014/10/27,P,1200,ABC,604,604,600,600,3000
2014/10/28,P,1200,ABC,2202,2224,2194,2216,564700
2014/10/29,P,1200,ABC,1695,1717,1681,1695,655800
2014/10/30,P,1200,ABC,1615,1615,1615,1615,200
2014/10/31,P,1200,ABC,4655,4675,4630,4660,253300
2014/11/1,P,1200,ABC,480,480,480,480,200
2014/11/2,P,1200,ABC,5090,5150,5090,5130,26700
2014/11/3,P,1200,ABC,2465,2469,2431,2439,247000
2014/11/4,P,1200,ABC,2009,2019,1990,1992,25200
2014/11/5,P,1200,ABC,905,912,905,912,5100
2014/11/6,P,1200,ABC,1116,1128,1116,1118,5700
2014/11/7,P,1200,ABC,435,438,432,432,297000
2014/11/8,P,1200,ABC,1625,1641,1608,1625,277800
2014/11/9,P,1200,ABC,163,170,160,169,36000
2014/11/10,P,1200,ABC,2629,2629,2615,2620,3600
2014/11/11,P,1200,ABC,338,341,337,337,252000
2014/11/12,P,1200,ABC,9060,9070,8830,8860,377700
2014/11/13,P,1200,ABC,689,691,689,691,1700
2014/11/14,P,1200,ABC,1715,1724,1715,1718,800
2014/11/15,P,1200,ABC,81,83,81,83,107000
2014/11/16,P,1200,ABC,1233,1235,1225,1234,3900
2014/11/17,P,1200,ABC,433,439,433,438,9000
2014/11/18,P,1200,ABC,158,158,158,158,1000
2014/11/19,P,1200,ABC,4855,4860,4735,4735,115000
2014/11/20,P,1200,ABC,791,801,791,800,8600
2014/11/21,P,1200,ABC,2015,2027,2000,2000,30400
2014/11/22,P,1200,ABC,125,125,122,123,275700
2014/11/23,P,1200,ABC,300,300,296,298,19900
2014/11/24,P,1200,ABC,1220,1231,1218,1231,2100
2014/11/25,P,1200,ABC,3255,3255,3240,3250,1300
2014/11/26,P,1200,ABC,7000,7010,6820,6840,288500
2014/11/27,P,1200,ABC,154,155,154,155,11200
2014/11/28,P,1200,ABC,1515,1545,1486,1524,27100
2014/11/29,P,1200,ABC,1660,1660,1650,1650,1100
2014/11/30,P,1200,ABC,1007,1007,992,1000,7300
2014/12/1,P,1200,ABC,4505,4650,4440,4460,247700
2014/12/2,P,1200,ABC,1882,1887,1804,1805,249000
2014/12/3,P,1200,ABC,1320,1320,1320,1320,500
2014/12/4,P,1200,ABC,7200,7210,6860,6910,259900
2014/12/5,P,1200,ABC,955,969,945,945,8400
2014/12/6,P,1200,ABC,107,108,107,108,115000
2014/12/7,P,1200,ABC,1173,1173,1151,1153,1900
2014/12/8,P,1200,ABC,4040,4050,4015,4030,4400
2014/12/9,P,1200,ABC,211,212,209,210,53400
2014/12/10,P,1200,ABC,88,88,86,86,68300
2014/12/11,P,1200,ABC,3650,3675,3585,3590,89900
2014/12/12,P,1200,ABC,1570,1579,1563,1574,38400
2014/12/13,P,1200,ABC,2675,2688,2671,2678,173100
2014/12/14,P,1200,ABC,222,225,221,224,30700
2014/12/15,P,1200,ABC,1938,1938,1934,1935,5400
2014/12/16,P,1200,ABC,389,389,385,386,194000
2014/12/17,P,1200,ABC,697,697,686,695,600
2014/12/18,P,1200,ABC,468,470,468,469,800
2014/12/19,P,1200,ABC,2785,2788,2762,2770,5700
2014/12/20,P,1200,ABC,780,784,778,778,3700
2014/12/21,P,1200,ABC,868,870,864,867,1500
2014/12/22,P,1200,ABC,2860,2860,2762,2780,263700
2014/12/23,P,1200,ABC,2260,2260,2193,2216,16100
2014/12/24,P,1200,ABC,844,847,833,838,214300
2014/12/25,P,1200,ABC,2543,2637,2512,2601,15800
2014/12/26,P,1200,ABC,586,587,580,585,9900
2014/12/27,P,1200,ABC,911,911,894,896,6500
2014/12/28,P,1200,ABC,302,307,293,305,31000
2014/12/29,P,1200,ABC,1983,1983,1956,1971,2300
2014/12/30,P,1200,ABC,2983,2983,2876,2885,22400
2014/12/31,P,1200,ABC,381,381,370,377,122300
2015/1/1,P,1200,ABC,339,341,332,332,316800
2015/1/2,P,1200,ABC,325,328,325,328,1300
2015/1/3,P,1200,ABC,2010,2015,1999,2015,7600
2015/1/4,P,1200,ABC,2517,2535,2516,2535,4800
2015/1/5,P,1200,ABC,4700,4765,4655,4685,5800
2015/1/6,P,1200,ABC,1599,1612,1584,1588,19800
2015/1/7,P,1200,ABC,2391,2391,2390,2390,2200
2015/1/8,P,1200,ABC,938,940,935,939,6000
2015/1/9,P,1200,ABC,716,716,694,694,10300
2015/1/10,P,1200,ABC,676,677,662,667,51500
2015/1/11,P,1200,ABC,1786,1809,1763,1781,38900
2015/1/12,P,1200,ABC,255,256,252,255,13399700
2015/1/13,P,1200,ABC,1697,1708,1695,1707,11100
2015/1/14,P,1200,ABC,5200,5200,4990,5020,77200
2015/1/15,P,1200,ABC,834,849,829,829,3700
2015/1/16,P,1200,ABC,173,174,169,171,39800
2015/1/17,P,1200,ABC,1012,1012,981,981,2900
2015/1/18,P,1200,ABC,220,221,214,216,13800
2015/1/19,P,1200,ABC,2350,2375,2323,2333,67300
2015/1/20,P,1200,ABC,5670,5680,5570,5580,10100
2015/1/21,P,1200,ABC,2139,2185,2138,2166,885800
2015/1/22,P,1200,ABC,2398,2400,2364,2375,9900
2015/1/23,P,1200,ABC,322,330,320,326,84500
2015/1/24,P,1200,ABC,445,445,444,445,1200
2015/1/25,P,1200,ABC,1772,1797,1772,1797,1900
2015/1/26,P,1200,ABC,4100,4100,3995,4000,8100
2015/1/27,P,1200,ABC,1008,1008,993,995,51900
2015/1/28,P,1200,ABC,600,601,596,601,800
2015/1/29,P,1200,ABC,610,622,610,620,14500
2015/1/30,P,1200,ABC,2540,2544,2539,2543,1900
2015/1/31,P,1200,ABC,3510,3545,3495,3535,651000
2015/2/1,P,1200,ABC,2590,2613.5,2549.5,2559.5,2830000
2015/2/2,P,1200,ABC,223,225,223,224,12000
2015/2/3,P,1200,ABC,4835,4845,4830,4830,600
2015/2/4,P,1200,ABC,1890,1890,1890,1890,100
2015/2/5,P,1200,ABC,2632,2707,2608,2666,1038900
2015/2/6,P,1200,ABC,2008,2019,2001,2009,307000
2015/2/7,P,1200,ABC,1970,1980,1965,1970,168100
2015/2/8,P,1200,ABC,997,1000,991,994,8100
2015/2/9,P,1200,ABC,297,297,297,297,3000
2015/2/10,P,1200,ABC,966,975,966,975,1200
2015/2/11,P,1200,ABC,5160,5300,5150,5240,167100
2015/2/12,P,1200,ABC,1140,1141,1139,1139,900
2015/2/13,P,1200,ABC,1377,1385,1377,1379,700
2015/2/14,P,1200,ABC,2000,2000,1973,1997,6100
2015/2/15,P,1200,ABC,2545,2570,2545,2564,5600
2015/2/16,P,1200,ABC,1174,1174,1173,1173,2000
2015/2/17,P,1200,ABC,768,774,756,760,985000
2015/2/18,P,1200,ABC,277,283,276,283,9000
2015/2/19,P,1200,ABC,995,995,971,974,92500
2015/2/20,P,1200,ABC,4375,4400,4340,4375,383000
2015/2/21,P,1200,ABC,362,365,358,358,9000
2015/2/22,P,1200,ABC,820,820,800,801,6700
2015/2/23,P,1200,ABC,2149,2149,2131,2148,3800
2015/2/24,P,1200,ABC,1680,1686,1676,1681,1900
2015/2/25,P,1200,ABC,366,366,366,366,1000
2015/2/26,P,1200,ABC,211,211,210,210,4000
2015/2/27,P,1200,ABC,5570,5600,5520,5550,161400
2015/2/28,P,1200,ABC,1036,1036,1030,1032,11000
2015/3/1,P,1200,ABC,221,221,214,215,70500
2015/3/2,P,1200,ABC,866,867,864,864,1000
2015/3/3,P,1200,ABC,670,670,668,668,4600
2015/3/4,P,1200,ABC,1035,1038,1013,1017,5100
2015/3/5,P,1200,ABC,146,153,146,152,60000
2015/3/6,P,1200,ABC,765,766,765,766,300
2015/3/7,P,1200,ABC,2265,2271,2234,2258,47100
2015/3/8,P,1200,ABC,2945,2961,2921,2930,40000
2015/3/9,P,1200,ABC,355,355,355,355,1000
2015/3/10,P,1200,ABC,4083,4101,4021,4065,5033300
2015/3/11,P,1200,ABC,1620,1626,1603,1619,10800
2015/3/12,P,1200,ABC,492,496,492,496,300
2015/3/13,P,1200,ABC,959,959,955,955,2000
2015/3/14,P,1200,ABC,2198,2240,2178,2213,132100
2015/3/15,P,1200,ABC,1521,1524,1516,1522,9100
2015/3/16,P,1200,ABC,3240,3270,3240,3270,1400
2015/3/17,P,1200,ABC,559,559,556,556,400
2015/3/18,P,1200,ABC,1109,1118,1101,1101,2800
2015/3/19,P,1200,ABC,125,126,123,125,20600
2015/3/20,P,1200,ABC,799,800,797,797,7400
2015/3/21,P,1200,ABC,505,506,467,473,1390700
2015/3/22,P,1200,ABC,580,594,556,574,43100
2015/3/23,P,1200,ABC,1676,1689,1660,1662,308700
2015/3/24,P,1200,ABC,1272,1274,1248,1252,39400
2015/3/25,P,1200,ABC,386,388,380,382,297000
2015/3/26,P,1200,ABC,1119,1142,1115,1124,1738000
2015/3/27,P,1200,ABC,142,142,140,140,25000
2015/3/28,P,1200,ABC,55,57,55,55,398000
2015/3/29,P,1200,ABC,112,113,112,113,23700
2015/3/30,P,1200,ABC,2100,2143,2100,2135,1300
2015/3/31,P,1200,ABC,862,874,811,824,428800
2015/4/1,P,1200,ABC,1710,1723,1701,1715,2600
2015/4/2,P,1200,ABC,580,589,578,580,9000
2015/4/3,P,1200,ABC,569,570,569,570,10100
2015/4/4,P,1200,ABC,1920,1923,1904,1908,62800
2015/4/5,P,1200,ABC,1911,1947,1911,1947,600
2015/4/6,P,1200,ABC,390,403,371,379,152200
2015/4/7,P,1200,ABC,1620,1648,1598,1605,122100
2015/4/8,P,1200,ABC,310,325,308,309,7600
2015/4/9,P,1200,ABC,1700,1708,1691,1703,20000
2015/4/10,P,1200,ABC,9860,9970,9760,9760,60900
2015/4/11,P,1200,ABC,1020,1020,1001,1012,3200
2015/4/12,P,1200,ABC,277,280,275,275,4300
2015/4/13,P,1200,ABC,937,938,916,925,18900
2015/4/14,P,1200,ABC,883,887,882,887,1200
2015/4/15,P,1200,ABC,1327,1327,1303,1324,800
2015/4/16,P,1200,ABC,4725,4750,4480,4520,324200
2015/4/17,P,1200,ABC,1059,1075,1056,1071,762100
2015/4/18,P,1200,ABC,819,821,802,803,740700
2015/4/19,P,1200,ABC,1030,1037,1020,1025,23800
2015/4/20,P,1200,ABC,975,987,975,983,800
2015/4/21,P,1200,ABC,921,939,921,939,300
2015/4/22,P,1200,ABC,1076,1076,1058,1070,900
2015/4/23,P,1200,ABC,741,741,735,737,3300
2015/4/24,P,1200,ABC,794,799,782,795,7400
2015/4/25,P,1200,ABC,2757,2778,2722,2739,461600
2015/4/26,P,1200,ABC,295,296,294,294,4000
2015/4/27,P,1200,ABC,960,960,959,960,700
2015/4/28,P,1200,ABC,661,686,654,675,20200
2015/4/29,P,1200,ABC,1319,1320,1304,1319,2700
2015/4/30,P,1200,ABC,519,525,517,518,44400
2015/5/1,P,1200,ABC,698,698,695,695,400
2015/5/2,P,1200,ABC,185,197,185,195,263900
2015/5/3,P,1200,ABC,1060,1095,1060,1077,24000
2015/5/4,P,1200,ABC,4200,4210,4200,4210,1300
2015/5/5,P,1200,ABC,2881,2899,2801,2810,177200
2015/5/6,P,1200,ABC,586,594,583,588,900
2015/5/7,P,1200,ABC,1102,1108,1093,1108,11100
2015/5/8,P,1200,ABC,340,340,331,337,12400
2015/5/9,P,1200,ABC,688,690,685,690,9000
2015/5/10,P,1200,ABC,653,653,652,652,400
2015/5/11,P,1200,ABC,4845,4965,4820,4870,17200
2015/5/12,P,1200,ABC,1950,1958,1904,1911,1108700
2015/5/13,P,1200,ABC,1797,1805,1782,1789,334300
2015/5/14,P,1200,ABC,5080,5250,4945,5120,711900
2015/5/15,P,1200,ABC,1538,1539,1500,1520,5700
2015/5/16,P,1200,ABC,2476,2483,2407,2408,169900
2015/5/17,P,1200,ABC,4100,4130,4015,4015,404700
2015/5/18,P,1200,ABC,1270,1270,1207,1229,142800
2015/5/19,P,1200,ABC,901,902,897,897,1600
2015/5/20,P,1200,ABC,4800,4870,4740,4870,20900
2015/5/21,P,1200,ABC,4880,4890,4725,4765,85900
2015/5/22,P,1200,ABC,1882,1888,1856,1864,1109700
2015/5/23,P,1200,ABC,178,180,176,177,2783000
2015/5/24,P,1200,ABC,61,61,60,61,34088000
2015/5/25,P,1200,ABC,230,233,228,229,355000
2015/5/26,P,1200,ABC,1557,1557,1516,1523,917400
2015/5/27,P,1200,ABC,229,229,222,223,244000
2015/5/28,P,1200,ABC,236,239,236,237,777000
2015/5/29,P,1200,ABC,125,127,124,126,962000
2015/5/30,P,1200,ABC,349,358,349,351,1700000
2015/5/31,P,1200,ABC,72,72,71,72,83000
2015/6/1,P,1200,ABC,256,257,252,254,379300
2015/6/2,P,1200,ABC,2467,2485,2410,2438,892400
2015/6/3,P,1200,ABC,145,151,145,149,89600
2015/6/4,P,1200,ABC,509,509,503,503,500
2015/6/5,P,1200,ABC,106,107,106,107,3000
2015/6/6,P,1200,ABC,1931,1940,1918,1940,4600
2015/6/7,P,1200,ABC,1538,1549,1515,1522,121100
2015/6/8,P,1200,ABC,1484,1500,1461,1495,4600
2015/6/9,P,1200,ABC,2315,2400,2280,2372,8800
2015/6/10,P,1200,ABC,2900,3175,2833,2995,63400
2015/6/11,P,1200,ABC,920,929,880,887,30100
2015/6/12,P,1200,ABC,4480,4485,4350,4430,2000
2015/6/13,P,1200,ABC,1531,1569,1531,1546,36400
2015/6/14,P,1200,ABC,608,615,600,609,5700
2015/6/15,P,1200,ABC,5900,6050,5640,5670,217300
2015/6/16,P,1200,ABC,775,780,771,780,2700
2015/6/17,P,1200,ABC,818,823,816,820,2400
2015/6/18,P,1200,ABC,7150,7190,6930,6990,29300
2015/6/19,P,1200,ABC,678,735,668,717,23200
2015/6/20,P,1200,ABC,824,830,813,817,39700
2015/6/21,P,1200,ABC,598,599,591,595,9700
2015/6/22,P,1200,ABC,2302,2320,2302,2320,700
2015/6/23,P,1200,ABC,2443,2464,2417,2417,22000
2015/6/24,P,1200,ABC,548,550,545,547,1300
2015/6/25,P,1200,ABC,355,355,350,352,27900
2015/6/26,P,1200,ABC,800,807,800,807,3100
2015/6/27,P,1200,ABC,627,628,610,615,34500
2015/6/28,P,1200,ABC,1372,1372,1355,1370,2000
2015/6/29,P,1200,ABC,1017,1019,1013,1019,3400
2015/6/30,P,1200,ABC,495,500,490,494,229300
2015/7/1,P,1200,ABC,602,603,593,598,2600
2015/7/2,P,1200,ABC,695,697,688,694,5900
2015/7/3,P,1200,ABC,5160,5200,5080,5180,6200
2015/7/4,P,1200,ABC,1957,1957,1950,1956,1500
2015/7/5,P,1200,ABC,940,940,935,937,5500
2015/7/6,P,1200,ABC,1414,1415,1398,1401,4100
2015/7/7,P,1200,ABC,802,805,790,800,3200
2015/7/8,P,1200,ABC,1515,1515,1430,1447,42600
2015/7/9,P,1200,ABC,1572,1581,1559,1575,21700
2015/7/10,P,1200,ABC,2862,2905,2820,2905,8000
2015/7/11,P,1200,ABC,2962,2962,2890,2897,12800
2015/7/12,P,1200,ABC,1050,1066,1020,1020,94700
2015/7/13,P,1200,ABC,848,860,838,856,14800
2015/7/14,P,1200,ABC,808,825,808,821,6700
2015/7/15,P,1200,ABC,2207,2212,2185,2203,7300
2015/7/16,P,1200,ABC,1712,1728,1670,1715,15400
2015/7/17,P,1200,ABC,1482,1486,1473,1486,300
2015/7/18,P,1200,ABC,911,924,910,910,900
2015/7/19,P,1200,ABC,833,837,824,829,24800
2015/7/20,P,1200,ABC,366,367,355,359,79700
2015/7/21,P,1200,ABC,475,491,475,486,2100
2015/7/22,P,1200,ABC,498,498,494,494,6300
2015/7/23,P,1200,ABC,2283,2319,2270,2275,37000
2015/7/24,P,1200,ABC,508,515,497,500,10100
2015/7/25,P,1200,ABC,2361,2372,2305,2322,40200
2015/7/26,P,1200,ABC,1390,1414,1370,1396,54100
2015/7/27,P,1200,ABC,1481,1501,1385,1490,11500
2015/7/28,P,1200,ABC,1661,1674,1660,1665,39700
2015/7/29,P,1200,ABC,1566,1578,1548,1554,525600
2015/7/30,P,1200,ABC,1700,1700,1683,1685,26500
2015/7/31,P,1200,ABC,1038,1048,990,990,194900
2015/8/1,P,1200,ABC,994,994,971,974,167000
2015/8/2,P,1200,ABC,68,69,68,68,69000
2015/8/3,P,1200,ABC,627,635,626,632,28500
2015/8/4,P,1200,ABC,500,500,491,494,45300
2015/8/5,P,1200,ABC,85,85,84,84,94000
2015/8/6,P,1200,ABC,3020,3070,3000,3015,2300
2015/8/7,P,1200,ABC,1089,1089,1057,1061,168300
2015/8/8,P,1200,ABC,2180,2300,2156,2277,5100
2015/8/9,P,1200,ABC,2420,2500,2420,2490,8700
2015/8/10,P,1200,ABC,409500,413500,409000,411000,638
2015/8/11,P,1200,ABC,319500,323000,318000,321000,860
2015/8/12,P,1200,ABC,1389,1400,1326,1329,81500
2015/8/13,P,1200,ABC,1497,1510,1452,1458,43600
2015/8/14,P,1200,ABC,2446,2515,2441,2478,906500
2015/8/15,P,1200,ABC,423,423,420,420,31900
2015/8/16,P,1200,ABC,140100,143800,139200,142700,3596
2015/8/17,P,1200,ABC,213,219,193,201,10890000
2015/8/18,P,1200,ABC,232,248,228,247,389600
2015/8/19,P,1200,ABC,190,191,187,187,2500
2015/8/20,P,1200,ABC,250,253,249,252,17900
2015/8/21,P,1200,ABC,302,304,301,301,37800
2015/8/22,P,1200,ABC,1140,1160,1133,1146,153300
2015/8/23,P,1200,ABC,443,448,432,437,72800
2015/8/24,P,1200,ABC,774,774,771,771,2800
2015/8/25,P,1200,ABC,690,690,675,689,3700
2015/8/26,P,1200,ABC,519000,534000,516000,530000,516
2015/8/27,P,1200,ABC,41,44,41,44,9897400
2015/8/28,P,1200,ABC,235,241,234,240,44900
2015/8/29,P,1200,ABC,2053,2064,2013,2020,103200
2015/8/30,P,1200,ABC,4925,4925,4820,4830,29000
2015/8/31,P,1200,ABC,5100,5120,4900,4920,64900
2015/9/1,P,1200,ABC,485,485,451,451,7100
2015/9/2,P,1200,ABC,959,960,959,960,400
2015/9/3,P,1200,ABC,453000,463000,448500,457500,700
2015/9/4,P,1200,ABC,192,200,191,191,311800
2015/9/5,P,1200,ABC,183,184,176,179,802800
2015/9/6,P,1200,ABC,255100,257900,253900,255200,1725
2015/9/7,P,1200,ABC,454,454,451,453,11600
2015/9/8,P,1200,ABC,1780,1780,1750,1750,3100
2015/9/9,P,1200,ABC,1245,1313,1245,1293,169600
2015/9/10,P,1200,ABC,1010,1010,985,995,28500
2015/9/11,P,1200,ABC,290300,298900,290000,296300,508
2015/9/12,P,1200,ABC,497500,506000,495500,502000,912
2015/9/13,P,1200,ABC,518,554,518,523,14800
2015/9/14,P,1200,ABC,116000,119600,115100,118700,13671
2015/9/15,P,1200,ABC,222000,224200,218100,222300,1080
2015/9/16,P,1200,ABC,213900,218900,213100,216600,4276
2015/9/17,P,1200,ABC,494,498,488,491,142800
2015/9/18,P,1200,ABC,435,437,435,437,200
2015/9/19,P,1200,ABC,1211000,1212000,1205000,1210000,117
2015/9/20,P,1200,ABC,2087,2112,2072,2073,249500
2015/9/21,P,1200,ABC,840,878,840,870,4945900
2015/9/22,P,1200,ABC,406500,410500,405000,410000,348
2015/9/23,P,1200,ABC,2153,2178,2123,2138,853100
2015/9/24,P,1200,ABC,135100,140200,135100,138200,1947
2015/9/25,P,1200,ABC,1590,1596,1590,1596,1800
2015/9/26,P,1200,ABC,702,706,701,703,2700
2015/9/27,P,1200,ABC,154100,158900,154100,157800,1785
2015/9/28,P,1200,ABC,269300,272800,268400,271800,1803
2015/9/29,P,1200,ABC,1550,1566,1550,1560,1900
2015/9/30,P,1200,ABC,94300,94800,94000,94200,2460
2015/10/1,P,1200,ABC,2777,2868,2777,2843,37000
2015/10/2,P,1200,ABC,1006,1035,1006,1035,4800
2015/10/3,P,1200,ABC,1484,1497,1468,1489,33500
2015/10/4,P,1200,ABC,65,65,63,64,205000
2015/10/5,P,1200,ABC,201000,201100,200300,201100,58
2015/10/6,P,1200,ABC,126200,128200,126200,128000,956
2015/10/7,P,1200,ABC,923,923,915,921,12000
2015/10/8,P,1200,ABC,104,104,102,102,570500
2015/10/9,P,1200,ABC,1000,1000,989,989,800
2015/10/10,P,1200,ABC,57,57,55,55,654000
2015/10/11,P,1200,ABC,912,913,900,902,45700
2015/10/12,P,1200,ABC,731,736,731,734,2900
2015/10/13,P,1200,ABC,715,720,712,716,6800
2015/10/14,P,1200,ABC,1248,1248,1248,1248,200
2015/10/15,P,1200,ABC,46,46,45,46,56200
2015/10/16,P,1200,ABC,762,775,743,750,9300
2015/10/17,P,1200,ABC,739,739,732,732,3400
2015/10/18,P,1200,ABC,2182,2183,2145,2166,14600
2015/10/19,P,1200,ABC,4025,4030,4010,4030,3600
2015/10/20,P,1200,ABC,50,57,49,50,1002800
2015/10/21,P,1200,ABC,1250,1258,1230,1237,129800
2015/10/22,P,1200,ABC,4375,4435,4360,4380,32400
2015/10/23,P,1200,ABC,940,940,938,938,600
2015/10/24,P,1200,ABC,90,93,89,92,7900
2015/10/25,P,1200,ABC,260,263,254,256,56200
2015/10/26,P,1200,ABC,15080,15150,14920,15010,60900
2015/10/27,P,1200,ABC,39,40,39,39,1690600
2015/10/28,P,1200,ABC,817,817,810,811,2300
2015/10/29,P,1200,ABC,1520,1548,1520,1540,16500
2015/10/30,P,1200,ABC,320,324,313,315,94000
2015/10/31,P,1200,ABC,298,300,295,295,2900
2015/11/1,P,1200,ABC,470,477,470,470,2500
2015/11/2,P,1200,ABC,2810,2860,2792,2809,138000
2015/11/3,P,1200,ABC,624,629,622,626,19200
2015/11/4,P,1200,ABC,403,415,403,407,7500
2015/11/5,P,1200,ABC,400,402,400,402,200
2015/11/6,P,1200,ABC,929,931,924,930,11300
2015/11/7,P,1200,ABC,207,228,207,212,154400
2015/11/8,P,1200,ABC,232,233,231,232,6000
2015/11/9,P,1200,ABC,700,700,700,700,1000
2015/11/10,P,1200,ABC,887,889,872,875,16600
2015/11/11,P,1200,ABC,274,275,274,274,4100
2015/11/12,P,1200,ABC,5473,5476,5381,5420,2251700
2015/11/13,P,1200,ABC,245,245,243,243,300
2015/11/14,P,1200,ABC,3245,3300,3150,3160,28400
2015/11/15,P,1200,ABC,1100,1100,1086,1090,3100
2015/11/16,P,1200,ABC,2980,3040,2943,2965,450800
2015/11/17,P,1200,ABC,1181,1181,1157,1157,10400
,,,ϒl,5633.7,5717.5,5597.7,5668.2,619963
